ID,Name,Age,Grade,Maths,Physics,English,History,Spanish
1,Alice Johnson,20,A,88,92,85,90,87
2,Bob Smith,21,B,75,80,78,82,79
3,Charlie Brown,19,C,68,70,72,65,71
4,David Wilson,22,B,82,85,80,78,76
5,Emma Davis,20,A,91,89,90,95,88
6,Fiona Garcia,23,C,70,65,68,72,66
7,George Martinez,21,B,77,81,74,76,80
8,Hannah Lopez,19,A,90,92,95,88,91
9,Ian Hernandez,20,C,65,68,70,62,67
10,Julia Thompson,22,B,84,83,85,80,82
11,Kevin White,21,A,89,88,90,91,87
12,Liam Taylor,19,C,72,75,73,70,74
13,Mia Anderson,20,B,80,82,78,81,79
14,Noah Thomas,23,A,95,94,96,90,92
15,Olivia Jackson,21,B,78,76,80,79,75
16,Paul Lee,19,C,66,69,67,65,64
17,Quinn Harris,20,A,91,93,89,92,90
18,Rachel Clark,22,B,85,87,86,84,83
19,Samuel Lewis,21,C,70,72,68,65,71
20,Tina Robinson,20,B,82,80,84,81,79
21,Ulysses Walker,19,A,88,90,89,87,88
22,Victoria Hall,23,C,74,73,75,76,72
23,William Allen,21,B,79,77,80,78,76
24,Xena Young,20,A,91,94,92,90,89
25,Yara King,19,C,69,67,65,68,66
26,Zachary Wright,22,B,83,81,82,80,78
27,Ava Scott,21,A,90,92,91,93,88
28,Benjamin Green,20,C,73,74,75,72,70
29,Chloe Adams,19,B,85,87,84,86,82
30,Daniel Baker,22,A,94,95,93,90,92
31,Ella Gonzalez,21,C,76,78,75,77,74
32,Frankie Nelson,20,B,81,79,82,80,78
33,Grace Carter,19,A,87,85,89,88,86
34,Henry Mitchell,23,C,72,70,73,71,69
35,Isabella Perez,21,B,79,78,76,75,77
36,Jack Roberts,20,A,92,91,90,94,89
37,Kylie Turner,19,C,66,67,65,64,63
38,Liam Phillips,22,B,81,83,80,78,75
39,Mason Campbell,21,A,90,88,92,91,89
40,Nina Parker,20,C,74,76,75,73,72
41,Owen Edwards,19,B,78,80,77,75,76
42,Paige Wood,23,A,93,95,94,92,90
43,Quinn Collins,21,C,70,68,69,66,71
44,Riley Stewart,20,B,84,82,80,79,81
45,Sophie Morris,19,A,91,90,92,89,88
46,Tyler Nguyen,22,C,68,66,65,67,64
47,Uma Rivera,21,B,80,82,81,79,78
48,Victor Cox,20,A,86,88,87,89,85
49,Wendy Howard,19,C,72,71,70,69,68
50,Xavier Flores,22,B,79,77,76,75,74
