[
    {
        "id": 1,
        "name": "Alice Smith",
        "marks": {
            "maths": 85,
            "physics": 78,
            "english": 92,
            "history": 88,
            "spanish": 74
        }
    },
    {
        "id": 2,
        "name": "Bob Johnson",
        "marks": {
            "maths": 76,
            "physics": 82,
            "english": 70,
            "history": 91,
            "spanish": 68
        }
    },
    {
        "id": 3,
        "name": "Charlie Brown",
        "marks": {
            "maths": 92,
            "physics": 89,
            "english": 95,
            "history": 84,
            "spanish": 77
        }
    },
    {
        "id": 4,
        "name": "Diana Prince",
        "marks": {
            "maths": 88,
            "physics": 91,
            "english": 80,
            "history": 76,
            "spanish": 82
        }
    },
    {
        "id": 5,
        "name": "Ethan Hunt",
        "marks": {
            "maths": 90,
            "physics": 85,
            "english": 88,
            "history": 91,
            "spanish": 72
        }
    },
    {
        "id": 6,
        "name": "Fiona Green",
        "marks": {
            "maths": 70,
            "physics": 75,
            "english": 78,
            "history": 80,
            "spanish": 69
        }
    },
    {
        "id": 7,
        "name": "George Martin",
        "marks": {
            "maths": 95,
            "physics": 93,
            "english": 89,
            "history": 85,
            "spanish": 88
        }
    },
    {
        "id": 8,
        "name": "Hannah Lee",
        "marks": {
            "maths": 82,
            "physics": 80,
            "english": 76,
            "history": 90,
            "spanish": 75
        }
    },
    {
        "id": 9,
        "name": "Isaac Newton",
        "marks": {
            "maths": 78,
            "physics": 74,
            "english": 80,
            "history": 72,
            "spanish": 71
        }
    },
    {
        "id": 10,
        "name": "Jack Sparrow",
        "marks": {
            "maths": 88,
            "physics": 91,
            "english": 87,
            "history": 90,
            "spanish": 80
        }
    },
    {
        "id": 11,
        "name": "Kathy Bates",
        "marks": {
            "maths": 85,
            "physics": 83,
            "english": 84,
            "history": 75,
            "spanish": 67
        }
    },
    {
        "id": 12,
        "name": "Leo Messi",
        "marks": {
            "maths": 90,
            "physics": 88,
            "english": 91,
            "history": 89,
            "spanish": 82
        }
    },
    {
        "id": 13,
        "name": "Mona Lisa",
        "marks": {
            "maths": 72,
            "physics": 70,
            "english": 75,
            "history": 80,
            "spanish": 79
        }
    },
    {
        "id": 14,
        "name": "Nina Simone",
        "marks": {
            "maths": 77,
            "physics": 82,
            "english": 78,
            "history": 81,
            "spanish": 83
        }
    },
    {
        "id": 15,
        "name": "Oscar Wilde",
        "marks": {
            "maths": 91,
            "physics": 86,
            "english": 93,
            "history": 88,
            "spanish": 74
        }
    },
    {
        "id": 16,
        "name": "Paula Abdul",
        "marks": {
            "maths": 69,
            "physics": 72,
            "english": 76,
            "history": 79,
            "spanish": 73
        }
    },
    {
        "id": 17,
        "name": "Quentin Tarantino",
        "marks": {
            "maths": 82,
            "physics": 80,
            "english": 75,
            "history": 90,
            "spanish": 85
        }
    },
    {
        "id": 18,
        "name": "Rita Hayworth",
        "marks": {
            "maths": 87,
            "physics": 90,
            "english": 88,
            "history": 92,
            "spanish": 78
        }
    },
    {
        "id": 19,
        "name": "Steve Jobs",
        "marks": {
            "maths": 93,
            "physics": 94,
            "english": 90,
            "history": 89,
            "spanish": 76
        }
    },
    {
        "id": 20,
        "name": "Tina Turner",
        "marks": {
            "maths": 88,
            "physics": 87,
            "english": 85,
            "history": 84,
            "spanish": 80
        }
    },
    {
        "id": 21,
        "name": "Ursula K. Le Guin",
        "marks": {
            "maths": 79,
            "physics": 82,
            "english": 80,
            "history": 78,
            "spanish": 88
        }
    },
    {
        "id": 22,
        "name": "Victor Hugo",
        "marks": {
            "maths": 85,
            "physics": 86,
            "english": 84,
            "history": 80,
            "spanish": 73
        }
    },
    {
        "id": 23,
        "name": "Winston Churchill",
        "marks": {
            "maths": 80,
            "physics": 78,
            "english": 76,
            "history": 84,
            "spanish": 69
        }
    },
    {
        "id": 24,
        "name": "Xena Warrior",
        "marks": {
            "maths": 94,
            "physics": 90,
            "english": 92,
            "history": 91,
            "spanish": 85
        }
    },
    {
        "id": 25,
        "name": "Yoda",
        "marks": {
            "maths": 87,
            "physics": 85,
            "english": 79,
            "history": 83,
            "spanish": 88
        }
    },
    {
        "id": 26,
        "name": "Zara Larsson",
        "marks": {
            "maths": 81,
            "physics": 83,
            "english": 85,
            "history": 78,
            "spanish": 75
        }
    },
    {
        "id": 27,
        "name": "Aaron Burr",
        "marks": {
            "maths": 76,
            "physics": 79,
            "english": 80,
            "history": 72,
            "spanish": 82
        }
    },
    {
        "id": 28,
        "name": "Bella Swan",
        "marks": {
            "maths": 89,
            "physics": 88,
            "english": 90,
            "history": 87,
            "spanish": 79
        }
    },
    {
        "id": 29,
        "name": "Carl Sagan",
        "marks": {
            "maths": 92,
            "physics": 90,
            "english": 85,
            "history": 81,
            "spanish": 77
        }
    },
    {
        "id": 30,
        "name": "Darth Vader",
        "marks": {
            "maths": 95,
            "physics": 92,
            "english": 94,
            "history": 90,
            "spanish": 84
        }
    },
    {
        "id": 31,
        "name": "Eleanor Rigby",
        "marks": {
            "maths": 70,
            "physics": 73,
            "english": 76,
            "history": 74,
            "spanish": 68
        }
    },
    {
        "id": 32,
        "name": "Freddy Mercury",
        "marks": {
            "maths": 90,
            "physics": 88,
            "english": 92,
            "history": 86,
            "spanish": 79
        }
    },
    {
        "id": 33,
        "name": "Gandalf",
        "marks": {
            "maths": 83,
            "physics": 84,
            "english": 78,
            "history": 81,
            "spanish": 76
        }
    },
    {
        "id": 34,
        "name": "Harry Potter",
        "marks": {
            "maths": 89,
            "physics": 91,
            "english": 93,
            "history": 88,
            "spanish": 82
        }
    },
    {
        "id": 35,
        "name": "Ivy League",
        "marks": {
            "maths": 75,
            "physics": 78,
            "english": 80,
            "history": 74,
            "spanish": 77
        }
    },
    {
        "id": 36,
        "name": "Johnny Depp",
        "marks": {
            "maths": 86,
            "physics": 85,
            "english": 88,
            "history": 90,
            "spanish": 84
        }
    },
    {
        "id": 37,
        "name": "Kirk Hammett",
        "marks": {
            "maths": 84,
            "physics": 79,
            "english": 75,
            "history": 76,
            "spanish": 82
        }
    },
    {
        "id": 38,
        "name": "Liam Neeson",
        "marks": {
            "maths": 91,
            "physics": 93,
            "english": 88,
            "history": 87,
            "spanish": 90
        }
    },
    {
        "id": 39,
        "name": "Mia Wallace",
        "marks": {
            "maths": 76,
            "physics": 77,
            "english": 80,
            "history": 72,
            "spanish": 78
        }
    },
    {
        "id": 40,
        "name": "Nemo",
        "marks": {
            "maths": 88,
            "physics": 91,
            "english": 86,
            "history": 89,
            "spanish": 75
        }
    },
    {
        "id": 41,
        "name": "Olivia Benson",
        "marks": {
            "maths": 83,
            "physics": 87,
            "english": 85,
            "history": 82,
            "spanish": 71
        }
    },
    {
        "id": 42,
        "name": "Pablo Picasso",
        "marks": {
            "maths": 92,
            "physics": 94,
            "english": 91,
            "history": 90,
            "spanish": 89
        }
    },
    {
        "id": 43,
        "name": "Queen Elizabeth",
        "marks": {
            "maths": 77,
            "physics": 75,
            "english": 74,
            "history": 70,
            "spanish": 76
        }
    },
    {
        "id": 44,
        "name": "Rick Grimes",
        "marks": {
            "maths": 89,
            "physics": 88,
            "english": 91,
            "history": 92,
            "spanish": 80
        }
    },
    {
        "id": 45,
        "name": "Steve Rogers",
        "marks": {
            "maths": 84,
            "physics": 82,
            "english": 80,
            "history": 85,
            "spanish": 78
        }
    },
    {
        "id": 46,
        "name": "Tony Stark",
        "marks": {
            "maths": 95,
            "physics": 93,
            "english": 92,
            "history": 91,
            "spanish": 82
        }
    },
    {
        "id": 47,
        "name": "Uma Thurman",
        "marks": {
            "maths": 79,
            "physics": 80,
            "english": 82,
            "history": 78,
            "spanish": 73
        }
    },
    {
        "id": 48,
        "name": "Vincent Vega",
        "marks": {
            "maths": 81,
            "physics": 83,
            "english": 77,
            "history": 75,
            "spanish": 76
        }
    },
    {
        "id": 49,
        "name": "Will Smith",
        "marks": {
            "maths": 90,
            "physics": 89,
            "english": 92,
            "history": 94,
            "spanish": 80
        }
    },
    {
        "id": 50,
        "name": "Xander Cage",
        "marks": {
            "maths": 86,
            "physics": 88,
            "english": 84,
            "history": 82,
            "spanish": 78
        }
    }
]
